<?xml version="1.0" encoding="utf-8"?>
<manifest xmlns="http://www.imsglobal.org/xsd/imscp_v1p1" xmlns:imsmd="http://www.imsglobal.org/xsd/imsmd_v1p2" identifier="manifest_Native_Test">
  <metadata>
    <schema>IMS Content</schema>
    <schemaversion>1.1.3</schemaversion>
  </metadata>
  <organizations default="TOC">
    <organization identifier="TOC">
      <title>Native_Test</title>
    </organization>
  </organizations>
  <resources>
    <resource identifier="resource_Native_Test" type="imsqti_xmlv1p2" href="Native_Test.xml">
      <file href="Native_Test.xml"/>
    </resource>
  </resources>
</manifest>
